nick_name;email;password;last_authorization_date;current_entry_period
frobbery;email@gmail.com;$2a$12$IP89MJRHOlUdirF/jHgwpeTMeHgNMscHR.YnE0FXl8XP53DFEXrWG;2024-05-06;1
gtschierasche0;pparkins0@canalblog.com;$2a$04$tLfvgIn7MpGXqAky5NodJOKFVFW0jTk45I.KevvZcVRco8/5RxjAO;2023-08-09;93
jdomnin1;espelman1@boston.com;$2a$04$Jb0I2pmT0De8JEyrZaAYGOCNtQeNkXazfTjBDIFmoQEQhdA9YQm8e;2023-09-18;67
bmaus2;lborgars2@csmonitor.com;$2a$04$Es2FPc0/qxHj7r7KnUcY8OGDM.9wVmnzeNHdjK6IhBZsqmD7ZV41a;2023-09-16;42
lcragg3;aplunkett3@japanpost.jp;$2a$04$oSrGN5SXKGL8pZFzFT7Wz.0AJCrEGCAN9AhkTM0JlkS3yyRxg1F1y;2023-12-18;95
tbenkhe4;pranfield4@meetup.com;$2a$04$P5FykUDGvY/NlnWGJ8aFJeup9on0nkPMjol2n1nIgH3UrzEtQMQc2;2024-01-29;70
hcolqueran5;bramsell5@cam.ac.uk;$2a$04$t3tw1zDGw.zNzAYIkpx9cuFJM/12un5QjQOYbWPhRbfFwKAlAqah.;2023-05-15;2
gveltman6;cstandell6@google.pl;$2a$04$vPFPLhVEFUe4bHRJ5vGh8OOEtWjaWxvZHzzbO16sOC4KGwJync/z6;2023-09-14;91
sdodds7;mmackain7@marriott.com;$2a$04$xixVyEoNdnistPbEdT9cdOeeyUxZGOKeUdKDROw59jaYxfzJXlOS.;2023-05-24;57
ecrannach8;khollows8@ehow.com;$2a$04$fw.IfldR.f3WUrAxfRUP2urV2EQ0GNbnRe7AksBzVr6zuAiO2bpSm;2023-12-02;32
gocollopy9;dcandie9@buzzfeed.com;$2a$04$913FPFufVQzHMnAQqTwA/eX6Sx.vI4T48XwAKT9TDRGNBYUOrSLsO;2023-12-11;96
pollertona;ocromleholmea@hud.gov;$2a$04$v2h2c/YoqiNlM/87wRsR8eIm5lqJYtoi0/RmybqjGRXmBVObk0jiq;2023-09-20;4
hsainsberryb;ebesemerb@irs.gov;$2a$04$15r13ca1G.C4by4200CAKuMjpuMjoxtZrGsCN2jecpJxOVNr2rUem;2023-12-05;82
cfieldgatec;ivaleric@ameblo.jp;$2a$04$IdpQK7PvD1oJc1IzbI7evuTckhbALXVsdUwYi2REhq08T9gIvv87W;2024-02-10;52
cbrantond;kdinesend@phpbb.com;$2a$04$WEnPspzrTprqW9/5wso8W.PjUR9nN/UgXEBPtmUAplSdbrBZjvJSm;2023-10-02;29
amcpeakee;dleabeatere@typepad.com;$2a$04$rWEw2dd107AtRX.UbSrmUusKomwcramhxhzSjZuvTlpkMaxd819Ce;2023-06-10;82
emaciejaf;gibanf@aboutads.info;$2a$04$MKvXRCfyXNPnCvsYMrGj2OyZ78taaSIpsoX84z4LWbYK.el180nda;2023-06-01;94
fablottg;nbrideauxg@constantcontact.com;$2a$04$4CRUNY9sq9UdSmGmzrOJ/O19veBamYYCPwqLM2mPufscFq/MKqfOG;2024-01-28;81
ckoph;ggawlerh@bbc.co.uk;$2a$04$lLHhIFUMvgtLcZ6RY0eP.ORJLxsaZ73a6OIvXLZZcLyB7fbtHMmta;2023-10-04;11
lthiesi;mderoecki@unc.edu;$2a$04$fbNoi3ZAAHK2MwUgoI7kI..GYNf4MWtZJRbslLRdO8L71tflxJqra;2023-06-26;40
hfairniej;jcheccij@army.mil;$2a$04$OYDqTtyth/c2rMpK1R95Xe8g6mNAYbPQ0ZfQ8m.b0emHiqTLfagfW;2024-02-15;73
ggrishankovk;fsoamesk@boston.com;$2a$04$Y.5TG6sU3VCbfhtkIqeyXuC5V.RYDHBoRVQOWet6aRaD3ymZzk6l2;2023-11-04;21
jabrahamovitzl;fsalamanl@hubpages.com;$2a$04$aPbmQkodDeTKeKQXUy0sPeXYuKud6YQu.hd0Td60WyBRXGbtgPxQW;2023-12-28;72
kchadburnm;pbisphamm@gravatar.com;$2a$04$mBTmkNa0MkOf7NTd5tOGV.ZLGdmHPLinj4z2Qe92yjFoBleYgvkWO;2023-06-04;74
dleamonn;hdmtrovicn@spiegel.de;$2a$04$5lZPeu5IBIVjp8Hh4BBXKOZuexgXf4HeO9eE1pFaERtM1glIAa91a;2024-04-10;80
oschoolcrofto;tgableo@ftc.gov;$2a$04$9x.niyRm1u8ipBfqfjKg1eXvGKbARiCGciozcomwRlYSihG5r4KQS;2023-07-25;4
jbarouxp;achastangp@techcrunch.com;$2a$04$rEbZehDeeiDcIp/9NUkGTO7u6y4jH1k5a/8rZ0yNLmD1KC2/Vi2GG;2023-10-20;88
jpaulotq;elemarquandq@php.net;$2a$04$2EE0fvoq1s7K618qQXkE/uKwIsf5ken8htqK.gA2lfPcZPW5hTwaW;2024-03-27;8
fbyshr;vjanaudr@japanpost.jp;$2a$04$wqU1kFItiW5GGSVd0fY4UuzPaiRl/8GawtJ8gxoe5yKuyl17QdxXG;2024-01-30;81
dandriveauxs;bblackborows@ask.com;$2a$04$gKXOg5cpl9AYrom6slNTHejJFfZrIY0UL9GKuwq0hrl4kwKOGKmtu;2023-11-27;58
jthuilliert;ppennycockt@amazonaws.com;$2a$04$JNOOj2ERmLE43DO5Y2/kyu6Eck1KsonQlwof.5AKC2JoSiZWLQhea;2023-08-26;73
wbenittiu;smacaleesu@huffingtonpost.com;$2a$04$3..n1YDiI2GWxoRRu3dk7OpMXHHv45oYwt1Y2p8CRFgOIQnqIZIka;2023-09-22;14
gcockshootv;lclappsonv@who.int;$2a$04$zmB4EAZK8A880X2RVerC/uKkzXyyRHkRa6rlRXspk0lvM65eMtO.6;2023-06-12;20
bmaylottw;mcarneww@odnoklassniki.ru;$2a$04$3i0NuZHXVFywRzgHw7opR.nnUNk79WqPlNTZp/doahFdarXqvPEyC;2023-12-16;62
gsawfootx;gwardelx@last.fm;$2a$04$3SLlwPCeLpctUOUBJHr/xu5UyWlH7E/teA0BE4MXxvoOllTG4lWiu;2024-04-16;87
drufy;llutwychey@ucla.edu;$2a$04$DBo9dlTpI9DlcrFJGjY.tuJM.j3FKtmUj/NEQIzM.5nl0pmg/hzGm;2023-06-25;13
ddiblingz;rhoutbiez@miibeian.gov.cn;$2a$04$h/auLBQmQKdEnfNImsgCiO2pEDHE3CGv4ZEcIWwM7AnyQokCQ7bBq;2024-03-21;41
mrosenfelt10;jneeds10@sourceforge.net;$2a$04$z7SpiCvTvtYVOHRmv3IbMOA5aEz.uam6/Z08vdaaO8xBrceJOcaVq;2024-01-21;84
kbartlomieczak11;gogready11@ftc.gov;$2a$04$MYvv.Be6HpIFs/AEy8dJYe8Jw8dli3ehIVytmRgwar1AM2RF6EZU2;2023-06-02;36
besherwood12;ucrummie12@fema.gov;$2a$04$ojzB5p6BCYdCjBDBROhel.HocNx34RzzNJ88bHYmlVv0Pbn5n1yoS;2024-01-22;96
eennor13;gmalling13@si.edu;$2a$04$6VFd1rFUpxmMCMY7jWFxmu4LXGmsboF36kXK.lwh1GQ/ezE5SRSuG;2023-12-19;7
fcompston14;keilhertsen14@seesaa.net;$2a$04$nxKaEg.VBlXEpJl0N7vAlef2GM2QMVur.7GYQvKhTbBhpYUdK.Mu2;2023-10-10;30
mhendriksen15;omaestro15@craigslist.org;$2a$04$Ou938acT/v1Q89YRSIbXWeBxanVR4fcZYAhwxegNb2h0hQOQh8h5m;2023-09-11;68
elansbury16;fhusthwaite16@businessweek.com;$2a$04$8b2It60ZoclPBrRgyDb9A.mmqPyWHNNkyxn6OKNPewrnedqdB2Eba;2023-08-31;22
rfassmann17;tbewlay17@salon.com;$2a$04$ja1LK.ShABIn6fxouKrMn.poIvDGduTk7c0VOaISywLYySVODxR6u;2023-07-10;15
loran18;dmcclements18@mediafire.com;$2a$04$N5wUUZmUFSC3Btc4e78ts.1q4Nan0Xoj4jtB7.uXR5nBvAfBgE3bC;2024-04-04;95
jpennycord19;rmacanelley19@nymag.com;$2a$04$X18jQXNejPO68.BHPRZ7hO/xTeut5G8wrdDdinVguXR.m82lSq7aO;2023-06-10;34
dburless1a;mhailes1a@biglobe.ne.jp;$2a$04$ak9B.0UkzoJWtZcTqcNJhO4fHsapXhORyu.uyRtXkdIJYF2UZQs2C;2023-09-22;87
boffer1b;vliversage1b@live.com;$2a$04$KmaBW4lL2nnRLVy7UfV7BOdjnOImxEVdVDgHhWl2CMazBQsluRfOy;2024-03-09;57
jfolbigg1c;pdenisovich1c@eventbrite.com;$2a$04$ISpOot2mmAIOzDTSs2Cch.WgD3BdlZaJEIOnNAQuYCndXrpTL87kO;2024-02-18;31
helis1d;ainnot1d@infoseek.co.jp;$2a$04$80A7S/nD6NvThApMlCE7kef2oWMgS4Tgmo8dJRIfPR4.Uxr0xT6fC;2023-07-18;86
rwiz1e;cmawhinney1e@cafepress.com;$2a$04$xETgjKq4GwD04OPxK9Wid.MDOnTFoR5.6F8H29sgJmG6wZ2CPrxv2;2023-07-26;53
aprys1f;twalford1f@mayoclinic.com;$2a$04$4Da51RCddnBxNkFKZ.9AOe3dSkpex3slu4pXASdhgpk40eNnouqAW;2024-04-21;56
lchannon1g;gprobert1g@hp.com;$2a$04$A9/45.ARfDU33q5eo9S6VeKGzC5VMqPEA7RCe0F65mjQw9rmXj1Uq;2024-02-01;54
llitster1h;gjulian1h@lycos.com;$2a$04$NcmffRUDwD9/Qs1peUwbMOsELPPd2ScCoAoG3MUJ3YFVRxM0xYM82;2023-11-16;44
apentony1i;ccouvert1i@e-recht24.de;$2a$04$5yaQWf3V2D.PYgJ6P0FNaejKubCI3aMOrbtwP6fUxSolv7p69MvkO;2023-12-06;57
rbrazier1j;cbillington1j@jiathis.com;$2a$04$85naQ3D7VeWf1NG8AZuhluq00OYBCsxlnr0KuJ/US2EYQSS47Nnvy;2023-11-09;90
alongthorne1k;kgalpin1k@mac.com;$2a$04$JsQyemVUqzXc8PsmCaJDJuaS2as.1FKLgibTwPMiMJeYEOr2zoLgu;2023-12-26;59
cmacallister1l;jhegarty1l@nba.com;$2a$04$/vlwgZHaOeYuY5lTM.0OquuORTZ3Xg636KVl5KMECfM2kd6OmEWq6;2023-07-23;43
ehampshire1m;fstennett1m@independent.co.uk;$2a$04$PDWrzVZXBibzLKXnfJzPe.ckUJKD8dDT/1sbw0SHLv7VhiG/BCpOq;2024-02-09;63
bhargey1n;alent1n@sina.com.cn;$2a$04$EjQ.IErkFz4S8Q7Kc.clWehY6.1fgiPq7gMOwUPyLRzkdxzwu2Uvi;2024-04-15;44
mmartinson1o;agreiser1o@patch.com;$2a$04$5/VV3ALxghS1Wb2NX/sAHeBk5eWcSNyJmlZvyXDIdEjC7dQVqiKL.;2024-01-27;93
msimnel1p;lleafe1p@fastcompany.com;$2a$04$juoNzBx925hLS.puBv0cF.An5bHovZMrvpHghGMUZWQpOuc0MrjYC;2023-11-21;95
mordidge1q;mtorbeck1q@alexa.com;$2a$04$c5QkRwfD4lMmre9x7emcu.k7M9FE0kYwljk6dI7I1.XeZlxFFj51y;2024-01-11;77
sspirritt1r;ngleaves1r@samsung.com;$2a$04$xA1zMQNfh0iwUYAXimkL/.b9HIUJTPht2BPwfow4jl9yKic0D82/S;2024-04-15;92
bsidey1s;iibeson1s@earthlink.net;$2a$04$nSz5B5XA5ybWXyt6npWmtuaVM1kxJVT5/E0dxy./vdSAmEIWI0hQO;2023-07-03;10
lvolker1t;ehendron1t@wisc.edu;$2a$04$hHfcRPSL74cW.Fb2N/o6y.7KHvGCET58e4BaNM343xlrIFwNtxNl6;2023-12-12;54
sgradon1u;kroumier1u@alexa.com;$2a$04$7V4QsP5ZclokGPJeYLkMIu1NquHWadgQuM7uKxe72OdtWN6E64cva;2023-10-30;40
lbaskeyfield1v;cgoodee1v@prlog.org;$2a$04$7bftoQQ7CQJ3BPTfdce0fObBZGtkbDJr.x16GnCS/EUOjY.a5.gC2;2024-04-29;41
gromanin1w;pjones1w@bluehost.com;$2a$04$TA2ZdQL9PgRd//9SiIbHg.5s5uz7TwVV/55Q8P6Sw8w5O4EWOT85K;2024-03-22;52
lwalburn1x;hmurty1x@ibm.com;$2a$04$Jtb8Dg8V1QzraahejJsW0OmXBTdbxY1aHDIsfkUcYQgzYdbov9Zpm;2023-10-07;44
bgaythor1y;tside1y@taobao.com;$2a$04$ss.0thiyWFHd0ROJdPS.8.kgHuxcfXqzWEHpDu525fop.oD6D1fZy;2023-05-29;98
dbedward1z;ataaffe1z@newyorker.com;$2a$04$As5wjl51jgzFKAP9ZKM5LezWcDIecuL2Tqto3Cw2Ii0yP8qkP9506;2023-06-18;68
gramshay20;tsilverston20@engadget.com;$2a$04$YIP8H.fxNfcfMNlJ/py3iulyIQ.tsbxwNncYuSkSYK0H0DSdIF8q2;2023-09-23;14
agregh21;phlavecek21@yolasite.com;$2a$04$FES9YbTke9GN5spLPbiUpuQvNDu4LAwoft435SD5TLzY9.jLHmHiW;2023-07-27;40
mduigenan22;mevers22@mac.com;$2a$04$/n9gY7.yaae4shUWJdxYX.KSCqCBS4GvcmtN3v7i0ESrOGRZzKv62;2024-02-21;100
pmyderscough23;rglendenning23@godaddy.com;$2a$04$L30XTPbNbMmMBuozGgJqV.zx94/t67kh2majYU8paGhMfaIYqta6y;2023-12-31;69
bpill24;ffretter24@dropbox.com;$2a$04$YE20PcGBefms26LwC8A5euE/ote7iH1qa.cf7/SM0y45i4j67OHlS;2024-04-15;49
sriche25;matterbury25@mediafire.com;$2a$04$wIjbrEcz55O/8wstsTd0beVHC7UqhYzz2xFYvEpukgOes0v8YYVpK;2023-07-06;25
tleedal26;soguz26@accuweather.com;$2a$04$a/eBXri06tgpdP2ud3rdfeTa2jO3.sWSTRGVwHgOkQk3CEPqx4bnm;2024-05-04;80
bmaharey27;egirdler27@nba.com;$2a$04$6rT9FD8T75UNKfTdg0seQ.erdRUU/Ki7mzoAsd1.RGrWDYIl6/oRC;2024-04-16;67
ehaliburn28;lgeorgeot28@tmall.com;$2a$04$.5.tSAqCq/rUMQi1f7/PNellm8EP.oNqxb/kPMWRHrzZpsxAybNSW;2024-01-29;33
dsnelgar29;cnorree29@cdbaby.com;$2a$04$uoc3/WwdNuaJDJ9lMj0QzeC4y.SU1NgSeae6b/ZF7HHYhAvoiQb4a;2023-09-01;77
hmaclardie2a;baudibert2a@java.com;$2a$04$/AqLYilTu3jtnfXV.ytRYeWepSqOI6tXEB3c40YDcU4m2yRZ7pl0a;2023-07-13;47
kisselee2b;jkuhwald2b@yellowbook.com;$2a$04$hxre5rQCSKACI7SaGS5MWel/GWfFf6JmvoHQGk1U46lKtzZ.tr5Qq;2023-06-09;42
askryne2c;htombling2c@comcast.net;$2a$04$HFjNdqMfODou9Aa/DYVkTeg9UPycYVemo54uaCjMd3nx9CEFMNpp.;2024-03-22;46
clincke2d;wgraves2d@foxnews.com;$2a$04$.WAJHu/mEYkSjhNwFfb6wOZv.BnBxuBbL/LmIASbuzOnKLI9YpdTu;2024-03-15;10
xpettipher2e;flovel2e@google.ca;$2a$04$34JOgRTX4Q9/1tnLsfELkuSEhUtRj3/DvX8Ues9DTQlo0QGWm7AEi;2023-12-21;61
opaulig2f;etrematick2f@odnoklassniki.ru;$2a$04$EecM0nh9zizTHS6pFjk11eBhB06w1RbqyqZOFbl5MBQcSujmpEx9u;2024-02-29;85
hbucky2g;shuntly2g@eventbrite.com;$2a$04$QMJguJnRlqvIpTo/Ht5VMuofP2SWpKikd0PYT5f0ERQ/AoF.d1zFK;2023-06-26;15
vlaverock2h;nbartkiewicz2h@tamu.edu;$2a$04$2Oj6SYngatSu73I9uiYD4u.qGTVSF2.MpRNAgo7WloNcoGfynHlVO;2024-02-25;83
cschenkel2i;kgrzelewski2i@usatoday.com;$2a$04$u2Ui8JpaOMRMFPj1OmuvcuYyML8xXT4Z2cLqeDQNPwjoYI2hZ.DMG;2023-10-04;64
hlillicrop2j;gbayman2j@rambler.ru;$2a$04$bw5bVBFN19X9Or6nVk8rKO4pla824FEU4xz0bsoI/b9y/xfMtCu/K;2023-06-24;55
ieilhertsen2k;fghio2k@dedecms.com;$2a$04$ZAqtWiRbVvQN7l/jKkl2POsj1x0sKc0UBALbigvZhWNSABHCjUiM.;2024-04-11;91
emayze2l;ndugo2l@examiner.com;$2a$04$qcSkcodASMaGS8ixXzaXK.NprhIBOzHZ3kOrSRVZu2SliMOV2zpKu;2023-06-28;66
skilby2m;awhillock2m@themeforest.net;$2a$04$af2gLoKIqafS5oJ.zIaZBO6OJqODM.YZDfl1c.dBHdYfxyOoqC/jW;2023-10-19;51
msawart2n;hmclanaghan2n@ehow.com;$2a$04$PLt8v6WRn41Ojs2h9cO9AOSCvVNvUtYW9Fz1a0jSdxMVoTGI3DizG;2023-07-17;5
halsford2o;abudden2o@cloudflare.com;$2a$04$BZdnUBwzb99vaMgSKT6krucDOCSYvf.uiQ2cIZfK4iZqtkBVJvFlm;2023-09-20;74
cricson2p;lbeasant2p@ebay.co.uk;$2a$04$6HRtehmh5R6IrImigtKCa.wAVuQTlJuYjjXcNY2s7gOsKH5FLS7Xi;2023-07-29;14
dtroth2q;cdrowsfield2q@posterous.com;$2a$04$LDs2RHP4AF9FkISlOQwqOuZb7pAfVEC0pxDFZLfg4SRqA5jAT2rSW;2023-07-31;69
